,title,description,title_label,description_label
0,윌라 오디오북  주년  콘텐츠 기술개발 강화로 성장세 지속,실제로   배속 개발  개월 이후 조사한  월  데이터 에서는 구독자 한 명당 월평균  시간의 최다 평균 재생시간을 기록했다  기존에는 장편 소설을 청취하는 데 상당한 시간이 소요되었다면    배속을 적용하면 재생  ,0,0
1,도시 브랜드평판  부산 서울 용인 순, 빅데이터  분석결과  위 부산시   위 서울시   위 용인시 순으로 분석됐다  한국기업평판연구소는 대한민국 도시에 대해 브랜드 평판조사를 했다  대한민국 도시 브랜드에 대한 지난 한달간  빅데이터  평판을  ,1,1
2,경남 스마트팜 기술   중동 찍고 세계로 , 앵커  정보통신 기술과  빅데이터 를 접목한 똑똑하고 편리한 농업  경남의 스마트팜 농업이 세계로 수출되고 있습니다  오랜 시설재배 경험과 제조업에 특화된 지역 환경에 가격 경쟁력까지 갖췄다는 평갑니다  배수영  ,0,1
3, 데뷔  년  박명수  피프티피프티를 향한 쓴소리 돈이나 많이 벌고 그런 얘 ,이날 방송에서  빅데이터  전문가 전민기는  빌보드 차트에서 돌풍을 일으키며 중소돌의 기적이라고 불린 피프티 피프티 멤버들과 소속사 분쟁 또 저작권 분쟁까지 뜨거운 이슈다 라며  너무 잘되고 있었다  세계적인  ,0,1
4,허성욱    클라우드  지원 강화해 디지털 모범 국가 도약할 것 ,있도록  데이터 와 컴퓨팅 자원과 같은 인프라 구축을 지원하겠다 고 말했다   클라우드 프로젝트에 대해서는  초고속 저전력 국산   반도체를 기반으로  데이터 센터를 고도화할 수 있도록  클라우드 프로젝트를  ,0,0
5,빅테크 기업  거대   언어모델  양보다 질 소형화 경쟁,챗 의 경우 각종  데이터  학습에 수개월이 걸렸고  만달러 약  억원  이상의 돈이 투입됐다  반면  매개변수를 줄인 대신 질 좋은  데이터 를 학습시키고 미세 조정 파인 튜닝 하는 방식으로 성능을 개선하면  ,1,0
6,귀농 귀촌 정보 한눈에  그린대로  플랫폼 개시,또한 공간정보  기반으로 데이터를 연계해 주요 정보를 지도상에서 확인할 수 있도록 구성했다  희망  한편 농식품부는 앞으로  단계 구축사업을 통해  빅데이터  분석 기반 및 인공지능  기능을 도입해 맞춤형 추천  ,0,1
7, 라디오쇼  박명수  피프티피프티 사태 언급 돈이나 많이 벌고 얘기하지 , 월  일 방송된   쿨   박명수의 라디오쇼 에서는  빅데이터  전문가 전민기와 함께하는  검색 차트  코너가 진행됐다  전민기는  안타까운 키워드다  빌보드 차트에서 돌풍을 일으키며  중소돌의 기적 이라고 물린  ,0,1
8,국내 첫  농업 유니콘  트릿지    손잡고  푸드 수출 늘린다, 와  데이터  기반  푸드 수출 확대를 위해 상호협력에 나선다고  일 밝혔다  양측은 전날 신호식 트릿지 대표와 김춘진   사장이 참여한 가운데  데이터  기반 수출 확대 및 저탄소 농업 활성화 방안  논의를 위한  ,1,0
9,글로벌  석학  앤드류 응   는 전기  모든 분야 응용기술 ,유형의  데이터 로 확장되면서 발생하는 새로운 기회와 가능성에 대해 언급했다  아울러 인공지능이 가진  국내   스타트업 셀렉트스타 김세엽 대표는  데이터  중심 인공지능 을 주제로   서비스 성능을 좌우하는  ,0,1
10, 선생님   이 환자 지금 위급합니다  똑똑한  첨단 닥터 사부님 도우 , 빅데이터 를 기반으로 분석 결과를 낸다  환자의 나이와 성별은 물론 혈압 맥박 체온 등 주요 활력징후를  여러 재활환자를 대상으로 한 임상연구를 통해 관련 의료 데이터도 함께 축적하고 있다  최근 도입한 웨어러블  ,1,1
11,과기정통부    석학  앤드류 응과의 대담회  개최,유형의  데이터 로 확장되면서 발생하는 새로운 기회와 가능성에 대해 설명했며   가 가진 위험성을  국내   스타트업 셀렉트스타의 김세엽 대표는  데이터  중심 인공지능 을 주제로   서비스 성능을 좌우하는  데이터  ,0,1
12,앤드류 응  는 전기처럼   분야 응용 다목적 기술  석학 대담회,김세엽 셀렉트스타 대표  오혜연 한국과학기술원  교수  박이안 한국투자공사 디렉터 등도 참여해   서비스 성능을 좌우하는  데이터  활용사례  윤리와 신뢰성 확보방안 등을 주제로 발표와 토론을 했다  이종호  ,0,0
13,세계적   석학  앤드류 응과 대담회 는 다목적 기술 ,이와 함께 생성형   기반의 로우 코드 플랫폼을 통한   응용 프로그램 개발과 생성형  가 텍스트 이미지를 비롯한 다양한 유형의  데이터 로 확장되면서 발생하는 새로운 기회와 가능성에 대해 설명했습니다  또  ,0,1
14,과기정통부    전문가 앤드류 응 초청 대담회,이와 함께 응 교수는 생성형   기반의 로우 코드 플랫폼을 통한   응용 프로그램 개발과 생성형  가 텍스트 이미지를 비롯한 다양한 유형의  데이터 로 확장되면서 발생하는 새로운 기회와 가능성을 설명했다  이외에도  ,1,1
15,서비스 산업 디지털화 속도  경쟁력 강화,이날 발표한 전략에 따라  정부는 서비스산업의 디지털화에 속도가 붙을 수 있도록 데이터 활용 환경을 정비해  빅데이터  융합 기반을 조성할 방침이다  먼저 인공지능  허브 내 스타트업이 활용할 수 있는 산업  ,0,1
16,충남대병원 조강희 교수 연구팀 논문 노인의학 분야 국제학술지에 실려,연구팀은 질병관리청 국민건강영양조사  빅데이터 를 기반으로 하여  세 이상 성인 중 골다공증과  본 연구는 골근감소증 환자의 신체 활동을 국가 단위  빅데이터 를 활용하여 분석한 최초의 보고이며 향후 골근감소증  ,0,0
17, 년 간 구축한   풀스택 토대로  국방   개발 , 국방  는 우크라이나에서도 봤듯이 약소국이 전세를 뒤집을 수 있는 결정적인 기술 이라며  데이터  파이프 는 엣지 디바이스에서  데이터 를 수집하고 저장해  를 학습하고 배포하는 서비스의 전 과정을 담은  ,0,1
18, 인터뷰    신뢰성  완전하진 않아도 올곧게 가야 한다,  기술 발전에 필요한  데이터  수가 급증하고 생성형   등 새로운 기술들이 등장하면서   관련 서비스와  공급사들은  믿을 수 있는  데이터 만 사용했다    이상 정확도를 보인다  등으로 기술 신뢰도를  ,0,0
19,마취통증의학과 의원   년 사이  개소 증가,보건의료 빅데이터  개방시스템에 따르면  지난  분기 현재 전국의 마취통증의학과 의원수는 총  개소로 앞선  분기보다  개소  전년 동기보다는  개소가 늘어났다    지난  분기 전국의 마취통증의학과  ,0,0
20, 생방송투데이  서울 서초동 갈비탕 식당  갈비찜 냉면  안양 박달시장 찹 ,맛집을   빅데이터  랭킹맛집  코너에서는 서울 서초구 소재 갈비탕 맛집을 찾았다   생방송투데이      여행 전주 편   수목원   오목대    물짜장 중식당   김밥쌈 식당   비빔밥와플 디저트카페   빅데이터  랭킹맛집  ,0,1
21, 생방송투데이  서초동 갈비탕 맛집 등 수도권 최고의 갈비탕  , 일 방송되는    생방송투데이  빅데이터  랭킹 맛집 에서는 수도권 최고의 갈비탕   맛집이 공개된다  서울 서초구 서초동에 위치한 이 식당은 함흥냉면 전문점으로 회냉면  물냉면  비빔냉면 등을 판매한다  ,1,1
22, 생방송 투데이  오늘 방송 맛집은  반찬  갈비탕  꽈배기 맛집 소개,반찬  갈비탕  꽈배기 맛집 소개   네이버  한선생부엌  업체 사진 캡쳐  서울 성북구  한선생부엌   빅데이터  랭킹 맛집  코너에선  수도권 최고의 갈비탕   편을 다룬다  사진   생방송 투데이  오늘 방송 맛집은  반찬  ,0,1
23,한국농수산식품유통공사  트릿지와 농수산식품  빅데이터 저탄소 식생활 협력 , 빅데이터  분야 상호 협력을 통한 디지털전환 및  푸드 수출 확대 방안을 모색했다  이어  김 사장은 전  한편   년 설립된 트릿지는 애그테크 유니콘기업이자 데이터기반 농축산물   솔루션 플랫폼으로 농축산물  ,1,1
24,  정국    일 연속 정상  위, 일 방송된 엠넷 음악 프로그램  엠카운트다운 에서 특별한 국내 활동 없이도  위에 올랐다   글 이소영 프리랜서  이미 빅히트뮤직  차트 데이터  트위터   본 기사는 매일경제   제 호 기사입니다 ,0,1
25,한국농수산식품유통공사  대한민국 농수산식품산업 디지털 전환 앞장선다, 빅데이터    혁신자문위원회 를 열고 내외부 전문가와 함께 공사 디지털 혁신전략 추진현황 점검과 발전방안을 모색했다   빅데이터    혁신자문위원회 는  빅데이터    등 각 분야 외부 전문가들로 구성된   ,0,0
26,차세대  설명서 공개한 네이버 큐 와  클로바  차이는   아이티라떼 ,방대한  데이터 를 학습시켰기 때문에 오류 없는 정보를 제공할 수 있다고 기대하고 있죠  여기에 네이버는  한발 늦은 네이버가 방대한 국내  데이터 와 이용자들에 한결 익숙한 사용자 화면 등을 무기로 반격에 성공할  ,0,0
27, 생방송투데이  전주 여행 맛집 위치는  물짜장 김밥쌈 비빔밥와플  ,    여행 전주 편   수목원   오목대   물짜장 중식당   김밥쌈 식당   비빔밥와플 디저트카페   빅데이터  랭킹맛집  수도권 최고의 갈비탕   편   서울 서초동 갈비찜 냉면 식당   우리 동네 반찬 가게  최고를 위한  ,1,1
28,  한국사업장    국산자동차판매점  부문 동반  위 달성,또한   에서는 미래기술 진단  정비 중장기 로드맵을 구축해 체계적인 교육을 통해 기술인재를 육성하는 한편  첨단기기 개발 및 적용   빅데이터  기반 진단분석 시스템 도입 등으로 하이테크 서비스 역량을  ,1,0
29,  실적 전망  또   엇갈린 네이버 카카오 왜 ,카카오는 또 지난해  월     판교  데이터 센터 에 불이 나면서 대다수 서비스가 멈추는 장애를 겪은 뒤  자체   마련 등을 위해 인프라 투자금을 높이고 있다  인프라 구축 비용 상승에 따른 영업이익 감소는  ,1,0
30,한국공인중개사협회   빅데이터  플랫폼  한방  앱  월 출시, 빅데이터  기반 부동산물건분석보고서를 모바일에서 바로 열람할 수 있다  공적장부 조회기능을 통해 관심매물의 면적과 구조  물건 현황 등이 표시된 공공데이터를 이용자가 직접 바로 확인할 수 있어 안전 거래에 도움을  ,0,1
31, 생방송 투데이 맛집   갈비탕   회냉면   , 갈비탕   회냉면    오늘 월  일  금요일     생방송 투데이 맛집   회에서는  빅데이터  랭킹 맛집   빅데이터  랭킹 맛집  수도권 최고의 갈비탕   편  서초면옥  서울 갈비탕 최강 맛집  서초면옥 을  ,0,1
32, 숭실대    명문대학  사이버 보안 반도체 인재 양성 선도,학과는  개발 빅데이터 인공지능 정보보호 영역의 교육 전문성을 인정받은  대학 내에 개설된다  학생들은  코드 관리 역량  모바일 보안  데이터 보안  인공지능  보안 등 사이버 보안 영역 전반에 걸친  ,1,0
33, 상명대  현장형  교육  새로운 가치 만드는 창의인재 키운다, 빅데이터 경진대회 를 진행하고 있다  학생들의 아이디어를 기반으로  데이터 클라우드 기술을 활용해 사회 문제를 해결하고자 한다  이 대회는  와 함께하는  빅데이터  경진대회  와 함께하는   경진대회 두  ,1,0
34, 생방송 투데이 맛집   갈비탕  서울 최고 맛집, 갈비탕  서울 최고 맛집 오늘 일  오후    생방송 투데이   회에서는  빅데이터  랭킹 맛집  수도권 최고의 갈비탕   편  인생 분식  나눔으로 커지는 행복  추억의 옛날 도넛 편  보고 먹고 즐기고    ,1,1
35, 생방송투데이 맛집  갈비탕 전주 여행  , 와  우리 동네 반찬 가게   빅데이터  랭킹 맛집   인생 분식  코너 순으로 진행된다  첫 번째 코너  보고  이어서  생방송투데이  빅데이터  랭킹맛집  코너는 수도권 최고의 갈비탕  를 공개하고  그 중  ,1,1
36, 대형마트 틀 벗는다 이마트 홈플러스 등 리뉴얼 속도,  포맷에서는 고객들의  상품별 장보기 빈도  구매 연관 상품 등  빅데이터  분석을 통해 진열 효율을 높이는  연관 진열  전략이 도입됐다  다양한 종류의 커피와 그에 맞는 캡슐 커피 머신을 함께 진열한  커피  ,0,1
37,박명수  피프티 피프티 사태에 탄식  돈이나 많이 벌고 말하지 ,이날  빅데이터  전문가 전민기는  중소돌의 기적 이라 불린 피프티 피프티 멤버들과 소속사 간의 분쟁이 뜨거운 이슈 라고 전하며  연관검색어  위가 빌보드다  정말 잘 되고 있었는데 멤버들이 소속사에 전속계약  ,0,1
38, 홍준철의 여의도 안테나  용산  내년 총선 경선원칙 주문이  이기는 총선   ,최근에는  빅데이터 를 도입해 이를 통해 지역 후보자의 인지도와 호감도  긍정 부정 평가 등을 모두 살피겠다는 방침이다  관건은 김기현 당 대표를 비롯해 최고위원들과 여의도연구원장이 모두 친윤계라는 점이다  그나마  ,0,1
39,딥노이드  과기부  경호 대응기술 개발  국책과제 주관기관 선정,과제명은    빅데이터  구축을 통한 경호 보안검색  대응 기술 개발 이다  과제 수행 기간은  년  월 일까지다  총 사업비 중 정부 출연기금은  억원  딥노이드는  억원을 부담한다  자기자본 대비 정부  ,0,1
40, 배종찬 칼럼  윤석열 대통령 지지율 요동치게 하는 치명적인 변수,어떤 치명적인 이유가 있을까  우선  빅데이터 로 윤 대통령의 해외 순방에 대해 어떤 평가가 나오는지 분석해 보았다   빅데이터  심층 분석 도구인 오피니언라이브의 캐치애니 로 지난  일 기간 동안  와  ,0,1
41,닭꼬치창업 프랜차이즈  청춘닭꼬치  수원정자점 신규 오픈,최근 청춘닭꼬치는 공정거래위원회에 등록된 정보공개서  빅데이터  기반으로 프랜차이즈의 생산성  성장성  안정성  노하우 집약도  본사 수익성  가맹점 수익성의  개 지표를 통해 전체  개의 프랜차이즈 중  가맹하고  ,1,0
42,공인중개사협회  부동산정보 플랫폼  한방  앱  월 개편 출시, 빅데이터  기반 부동산건물분석보고서를 모바일에서 바로 열람할 수 있는 기능을 추가한다  공적장부 조회기능은 관심물건의 면적과 구조  물건 현황 등이 표시된 공공데이터를 이용자가 직접 바로 확인할 수 있어 거래  ,0,1
43,서울대  초거대   원천 기술 확보 계획,초거대   모델 및 플랫폼 최적화 센터   개소식이 진행된 서울대학교 문화관 대강당 전경 서울대  데이터 사이언스대학원 교수들이 센터의 주축을 맡고    개발에 필수인 병렬처리  모델 경량화     응용 등의  ,0,0
44,여름방학  우리 아이 치아 외상 주의해야,출처   보건의료 빅데이터 개방포털 진료코드   치아 탈구    부러진 치아  신경 손상 여부에 따라 치료 방법 결정 아이의 부러진 치아 부위가 작으면 살짝 다듬어 주기만 할 수도 있다  약간의 시린 증상이 있을 수 있지만  ,1,1
45,한국타이어  세일즈포스  태블로  통해   가속화 ,도입으로  데이터  수집과 관리 기능을 고도화하고 있다는 설명이다   일 서울 잠실 롯데월드타워에서 진행된  태블로    에서는  한국타이어의 태블로 적용 사례 가 발표됐다  태블로    는  제조업  데이터  시각화  ,1,0
46,경복대 외국인 재학생  지하철 선행 사연  훈훈 ,경복대  빅데이터 과 재학 중인 미얀마 유학생 따라피 힌   은  호선 지하철에서  대 여성이 가쁜 숨을 몰아쉬며 땀을 흘리는 것을 보고 한성대입구역에서 같이 내려 도움을 줬다  경복대  빅데이터 과 따라피 힌  ,1,1
47, 생생경제   월  냉방 기기 상담건수 전월비  배 이상 증가,한국소비자원  데이터 활용지원팀 팀장   아래 텍스트는 실제 방송 내용과 차이가 있을 수 있으니 보다   똑똑한 소비생활  오늘은 한국소비자원 소비자정보국  데이터 활용지원팀 김인환 팀장 전화 연결합니다  ,0,0
48, 챗  한판붙자  네이버  검색에 생성형  탑재,네이버가 지난  여 년간 축적해온 방대한 양의 사용자  데이터 와 양질의 콘텐츠를 바탕으로 한다  시범  기업 사용자는 자체  데이터 를 하이퍼클로바 에 결합해 자체적인 생산성 향상 도구를 구축할 수 있고 맞춤형   ,0,1
49,오아시스비즈니스   부동산 트렌드쇼  서 꼬마 빌딩 투자자 위한 서비스  ,이번 부동산 트렌드쇼  에서는 데이터 생태계 조성을 위한 부동산 분야  빅데이터  플랫폼 및 센터 구축 사업이 주목 받고 있다  이와 관련해 프롭테크 기업들의 데이터 피칭 발표가 진행되고 있으며  주거용 부동산  ,0,0
50,레뷰코퍼레이션  코스닥 상장 위한 예비심사 승인,설립 이후 축적해온  빅데이터 를 기반으로 플랫폼 고도화를 추진했고  올해  월에는 인플루언서 회원 수  만 명을 넘어섰다는 설명이다  특히  자동화 플랫폼을 구축으로 고수익구조를 실현했다는 설명이다  ,0,1
51, 마인드테크 시대가 온다    슬립테크  마음의 휴식을 위한 수면,수면 문제를 최첨단 기술로 해결하기 위해 수면 관련  데이터 를 분석하고 이를 통해 숙면을 돕는다  수면분석 제품과 서비스는 사용자의 수면  데이터 를 저장해  사용자의 수면 리듬  상태  시간 등 수면의 질과 패턴을  ,0,0
52,꿀비   벤처기업인증  획득 빅데이터  기술력 입증, 빅데이터  플랫폼 연구개발 기업 꿀비 대표 최원재 가 지난  일 벤처기업확인기관 심사를 통과해  특히  빅데이터    분야에 특화돼 연구개발을 지속해 왔으며  년 자체  빅데이터  및 인공지능 솔루션인 비체니와  ,0,0
53,인공지능으로  인재사고  막는다  건설업계 안전관리 디지털전환 잰걸음,두아즈는  빅데이터 와 안전점검을 융합한 서비스를 핵심 사업모델로 한다  롯데건설   상표권은 산업안전  자문업  데이터처리에 관한 기술자문서비스업 등 용도로 등록됐다  생성형 인공지능 기술을 건설현장  ,0,0
54,오톰  결핵 스마트 관리 아이디어 공모전  최우수상 수상,이번 공모전은  빅데이터  인공지능  정보통신기술  등 디지털 헬스관련 신기술을 기반으로 결핵을 발견하고 관리하는 시스템을 만들기 위해 마련됐다  이번에 공모된 아이디어들은 기술 지원을 더해 향후 국내외  ,0,0
55,세레브라스    기업에  엑사플롭   슈퍼컴퓨터 공급,아부다비에 본사를 둔  는  데이터  센터 및 클라우드 서비스 사업을 포함하는  개의 운영 회사를 보유한 기술 대기업으로 세레브라스 시스템을 사용하여 의료 및 에너지 회사에   컴퓨팅 서비스를 판매할  ,1,0
56,상반기 가상자산 시장 키워드는  밈코인 현물  승인 시 비트코인 최 , 일 글로벌 가상자산  데이터  플랫폼 코인마켓캡이 발표한  년 상반기 분석 보고서에 따르면 올 상반기  코인마켓캡  데이터 에 따르면   가격은 첫 상장 이후 두 달간  배 이상 급등했다  폭발적인 가격  ,0,1
57, 스퀘어   쉴더스 투자 유치 완료 총  억 확보, 년부터  캡스의 기존 서비스에  스퀘어 관계사의  빅데이터  기술을 전방위 적용해 스마트홈 보안  무인매장  무인주차 등 다양한 신규 보안 영역에서 사업 기술 성과를 거뒀다   년에는  캡스와 국내  ,0,1
58, 데이터 가 부동산 미래 한국프롭테크포럼이 소개한 알짜 기업은 ,배석훈 한국프롭테크포럼 의장  사진 이영아 기자  데이터 를 기반으로 한 산업 혁신이 가속화되고 있는 가운데  부동산 산업에서도 혁신의 핵심 요소로  데이터 가 주목받고 있다  주거용 및 상업용  데이터 를 활용하는  ,1,1
59, 프롭테크  데이터  피칭앤매칭데이  개최 한국부동산원 한국프롭테크포럼 공 ,세미나장에서  프롭테크 데이터 피칭앤매칭데이  행사를 한국프롭테크포럼 의장 배석훈 과 공동으로   빅데이터  플랫폼 및 센터 구축 사업  데이터 생태계 조성 프로그램의 일환이다  본 행사에서는 프롭테크 스타트업  ,1,1
60, 챗 보다 작게    경량화 나선 빅테크 기업들  왜 ,챗 의 경우 각종  데이터  학습에 수개월이 걸렸고  만달러 약  억원  이상의 돈이 투입됐다  반면  매개변수를 줄인 대신 질 좋은  데이터 를 학습시키고 미세 조정 파인 튜닝 하는 방식으로 성능을 개선하면  ,1,0
61,우리금융 싱크탱크  우리금융경영연구소  차기 대표로 박정훈 영입,한편  우리금융 자추위 추천을 받은 박정훈 후보는  월 말 우리금융경영연구소 주주총회를 거쳐 내달  일에  년 임기의 대표로 공식 취임할 예정이다  한시은  빅데이터 뉴스 기자,0,1
62, 대한통운  운송플랫폼  더 운반 으로 미들마일 물류업계 새 바람,사진 대한통운  대한통운이    빅데이터  블록체인 등의 첨단기술을 적용하여 아날로그 방식으로   더 운반 은  빅데이터  기술로 미래 교통량을 예측해 화주와 차주에게 보여준다  미리 학습된 수많은 과거 교통상황  ,1,1
63, 대한통운   더 운반  첨단기술 접목 미들마일  공략 , 빅데이터 로 미래 교통량 예측 데이터 암호화  실시간 복화 노선 시스템  개발  공차 운행  해소 및 차주 수입 향상  대한통운이 인공지능 과  빅데이터  등 첨단기술을 적용해 물류 시장의 디지털화를 이끌고 있다  ,0,0
64,쇼핑 넘어 체험 공간 새 단장 나선 대형마트,  홈플러스   메가푸드마켓    호점 열어 먹거리와 체험 콘텐츠에  빅데이터  결합 홈플러스는 지난  일  홈플러스는 이 메가푸드마켓에  빅데이터 를 결합해  홈플러스 메가푸드마켓  을 탄생시켰다  지난해  ,0,0
65, 관건은 고객 경험  리테일 기업의 혁신 기술 트렌드  가지,리테일 기업은 다양한 소스에서 수집한  빅데이터 에도 알고리즘을 적용해 고객의 선호 제품과 구매 순서를 지능적으로 예측할 수 있다  식료품점의 경우 기상 조건  고객 구매 패턴  지리적 위치에 기반한 재고 계획이  ,1,1
66, 빅데이터 로 본 세상  오송 지하차도 침수로  명 사망,이번 사고와 관련한  빅데이터  분석 결과   재난   부실   안타까운  등의 감성어가 도출돼 예방할  해병대원의 사망 사고와 관련된  빅데이터  분석 결과   재난   위험   통곡  등과 같이 재난  ,0,0
67,맨바닥에 앉아 귀  쫑긋 부동산 전문가 강연은 발 디딜 틈 없었다,이날  시 분부터는  부룡 으로 불리는 신현강 부와지식의배움터 대표의  하반기 부동산 투자 철칙   역전세난에 흔들리지 마라  고종완 한국자산관리연구원장의  빅데이터 가 알려주는 부동산 시장 미래와  ,0,1
68, 대한통운  디지털 운송플랫폼  더 운반 에 첨단기술 활용, 더 운반 은  빅데이터  기술로 미래 교통량을 예측해 화주와 차주에게 보여준다  미리 학습된 수많은 과거 교통상황 데이터들을 분석해 당일 운송뿐 아니라 향후 수행할 노선의 최적 경로와 예상 운행시간을 나타낸다  ,0,0
69,서강대 경영전문대학원 디지털기술융합   과정 모집,주요 학습 내용으로는  빅데이터  챗 의 다양한 실무 활용과   기술기반 응용  인공지능 기반 레이더  기술과 데이터 보안  디지털 비즈니스 사업화  디지털마케팅  디지털 기술융합  디지털 커뮤니케이션 전략 등  ,0,0
70, 가천대   클라우드공학  계약학과 첫 신입생 모집   년 전액장학금,올해 신설되는 첨단학과인 바이오로직스학과   빅데이터 경영전공  차세대반도체설계전공과 계약학과인 클라우드공학과에서 첫 신입생을 뽑는다  바이오로직스학과와  빅데이터 경영전공은 첨단학과로 교육부 첨단분야  ,0,0
71, 부경대  부산 첨단분야 학과 중 최다인원 배정 수시  명 모집,부경대는 올해 과기부의  데이터 사이언스 융합인재양성사업 에 선정돼 관련 학과를 지원할 것이라고  미래 첨단분야 중 하나인  데이터 사이언스 전문가 양성에도 앞장선다  부경대 정보융합대학은 올해  ,0,1
72, 생생경제   월  냉방 기기 상담건수 전월비  배 이상 증가,한국소비자원  데이터 활용지원팀 팀장   아래 텍스트는 실제 방송 내용과 차이가 있을 수 있으니 보다   똑똑한 소비생활  오늘은 한국소비자원 소비자정보국  데이터 활용지원팀 김인환 팀장 전화 연결합니다  ,0,0
73, 서울시립대  서울이 키우는 대학   도시와 첨단이 만나다 ,일반대학원에  스마트시티학과 와  도시 빅데이터 융합학과 를 신설한데 이어 최근 정부정책에 맞춰 반도체  서울시립대는  년 디지털 신기술 인재양성 혁신공유 대학  개 분야 인공지능    빅데이터 가 선정된 데  ,0,0
74,현대모비스  우수 협력사에 감사 마음 담아 계절 과일 선물,현재 현대모비스는 국내외에서 운행 중인 현대차와 기아  여 차종   만 품목의   부품 공급을 책임지고 있으며  원활한 대응을 위해 주요 권역별 대단위 인프라와  빅데이터  기반 수요 예측 체계 등 최적의 부품 공급  ,1,0
75, 가천대   첨단산업 특화  반도체대학 독립 단과대 만든 가천대,올해 수시부터 가천대는 첨단분야 바이오로직스학과  금융 빅데이터 학부  화공생명배터리공학부  증원인원은 혁신신약분야 바이오로직스학과  명   통신분야 금융 빅데이터 학부  명  에너지신소재분야  ,0,0
76, 동의대   빅데이터 인공지능 바이오  집중 육성 차 산업혁명 선도,동의대는  빅데이터  인공지능  바이오 분야를 집중 육성하고 있다   차 산업혁명을 대비한 교육혁신을  학과와 전공도 미래 산업의 기초학문이 될 산업경영 빅데이터 공학과  인공지능학과  미래형자동차학과  ,0,0
77,경기농촌융복합산업지원센터  안테나숍 안산점   프로모션, 차 산업인 농업에  차 가공산업과  차 서비스업과 융합하여 농촌에 새로운 가치와 일자리를 창출하는 산업이다   차    차    차산업을 종합한다는 의미로  차산업이라고 일컫는다  김수아  빅데이터 뉴스 기자,1,0
78, 주간 서머리  경제 산업계  삼성페이 수수료 무료 연장 전국 아파트값  년 ,삼성전자는 삼성페이 수수료 무료 정책을 연장하기로 결정했고  삼성 는 금융위원회 주관  데이터 전문기관  지정 심사에서 민간기업 첫  데이터 전문기관에 선정되기도 했다  아울러 전국 아파트값이  년 개월 만에  ,0,0
79,박명수  피프티 피프티  돈이나 많이 벌고 그런 얘기를 하지  탄식 라디오쇼 , 일 오전 방송된   쿨   박명수의 라디오쇼 에서는  빅데이터  전문가 전민기가 출연하는  검색 차트  코너가 진행됐다  이날 전민기는  미국 빌보드 차트에 돌풍을 일으키며  중소돌의 기적 이라고 불린 피프티 피프티  ,0,0
80, 전남대  첨단분야 입학정원 증원 수시에서  명 모집한다,예를 들어   년 로봇공학  미래에너지공학   빅데이터 금융공학   인공지능   년 지능형 모빌리티   년 지능실감미디어 등이 있다   학년도부터 국립대 최초로 공모제를 통해 융합전공을 개설하고 전공과  ,1,1
81, 순천향대  시공간 초월한 대변혁 주도   메타휴먼전형  학생부교과  ,  하이플렉스 학습환경 은 메타와 리얼의 혁신적 연결을 통해 시공간을 초월해 창의 주도적인 학습환경 조성으로 자신만의 특화된 전공 분야를 개발하고   빅데이터  학습 플랫폼을 통한 적성 감성 진로 맞춤형  ,1,1
82, 멜로디   빅데이터  기반   솔루션 증명 기회 ,흩어진  데이터 를 한데 모으면 좋은 결과를 낼 수 있다는 것을 증명하는 사업인 만큼   기업들의 적극적인 참여와 성과 도출이 필요하다 고 의견을 모았다   멜로디 프로젝트는 여러 기업 기관 등이 보유한  데이터 를  ,1,1
83,서울시교육청  야타브엔터와 메타버스 상담 전문 플랫폼  메타포레스트  활 ,이용할 수 있으며  상담자와 내담자의 표정을 인식하는 인공지능  모션 인식 기능 또한 탑재되어 있어 상담의 초기 진입의 심리적 거부감을 줄여주는 메타버스 상담의 대표적 플랫폼이다  박경호  빅데이터 뉴스 기자,1,1
84,경기소방   청소년단 합동 발대식 개최 안전의식 함양,펼쳐 달라 며  어린이와 청소년들에게 안전의식을 일깨우는데 선도해온  청소년단이 안전 분야 최고의 청소년 단체가 될 수 있도록 적극적인 지원을 아끼지 않을 것 이라고 말했다  김수아  빅데이터 뉴스 기자,0,1
85, 생방송 투데이  오늘방송맛집   빅데이터  랭킹 맛집  수도권 최고의 갈비탕 ,이투데이 장유진 기자    생방송 투데이  오늘방송맛집   빅데이터  랭킹 맛집 코너에서 수도권 최고의 갈비탕    서 을 찾아간다   일 방송되는    생방송 투데이 에서는 오늘방송맛집   빅데이터  랭킹  ,1,1
86, 국민은행  주요 외화 재환전시 환율우대   이벤트 실시,이번 이벤트는 오는  월  일까지 진행되며 별도로 응모하지 않아도 자동으로 환율 우대가 적용된다  이벤트 관련 자세한 내용은  국민은행 홈페이지 또는  스타뱅킹에서 확인할 수 있다  한시은  빅데이터 뉴스 기자,0,0
87,농협  집중호우 피해입은 논산 찾아 수해복구 작업 실시,활동과 이재민 구호물품 지원 등 피해농가의 조속한 안정화를 위해 물심양면 최선을 다하겠다 고 말했다  농협은 호우피해농가 집중지원을 위한 일손돕기 활동을 내달까지 진행할 계획이다  한시은  빅데이터 뉴스 기자,0,0
88,경인식약청  의료용 마약류 유기적 관리 체계 강조,오정완 의약품안전관리원장은  연간 약  억  만건 이상의 의료용 마약류 취급보고 내역이 마약류통합관리시스템으로 보고된다 며  마약류 취급  빅데이터 를 분석 가공해 활용도 높은 정보를 제공함으로써 의료  ,0,0
89, 피프티피프티  돈이나 많이 벌고 그러지  박명수 일침,이날 방송에서  빅데이터  전문가 전민기는  빌보드 차트에서 돌풍을 일으키며 중소돌의 기적이라고 불린 피프티 피프티 멤버들과 소속사 분쟁 또 저작권 분쟁까지 뜨거운 이슈다 라며  너무 잘되고 있었다  세계적인  ,0,1
90,농협중앙회 임직원  집중호우 피해농가 일손돕기 실시,농업농촌지원본부 신영수 상무는  농협 임직원들은 피해 농업인과 아픔을 함께한다는 마음으로 재해복구에 모든 역량을 기울이며 조속한 피해복구 지원에 최선을 다하겠다 고 말했다  한시은  빅데이터 뉴스 기자,0,1
91,강원 최대 도시 원주  인구 경제규모   집값은  저평가 ,부동산 빅데이터 업체 아실 자료를 보면 최근  달 월  일 월  일까지  동안 강원지역에서 거래된 국평 전용면적   기준  실거래가 분양권 제외  상위  개 단지 중 춘천에서  개 단지 위  속초에서  개 단지  ,1,1
92,다수가 말한다고 진짜는 아닙니다,최근에는 인터넷   빅데이터  인공지능  소셜네트워크서비스  등 첨단기술을 활용해 효과가 획기적으로 증대됐다  우선  휴민트 인간정보 를 활용한 방법으로는 최근 호주 정보기관이 중국 통일전선부의  ,0,0
93,충남대병원 조강희 교수 연구팀 논문,연구팀은 질병관리청 국민건강영양조사  빅데이터 를 기반으로  세 이상 성인 중 골다공증과 근감소증을  이번 연구는 골근감소증 환자의 신체 활동을 국가 단위  빅데이터 를 활용해 분석한 최초의 보고이며 향후  ,0,0
94, 유럽이 가난해졌다 소고기 대신 닭고기 먹는 속내는,국제통화기금   데이터 에 따르면 유로존이 달러 기준으로 최근  년 간 약   성장한 반면  미국은   성장했다  한 업계 전문가는  유럽국제정치센터가 이  데이터 를 기반으로 분석한 결과를 보면 미국 아이다호와  ,0,1
95,박명수  피프티 피프티 사태 소신 발언  돈이나 좀 벌고 그러지  아쉽다 ,이날  빅데이터  전문가 전민기는  빌보드 차트에 돌풍을 일으키며 중소돌의 기적이라고 불린 피프티 피프티 멤버들과 소속사 분쟁 또 저작권 분쟁까지 뜨거운 이슈 라며  잘되고 있는 아이돌을 두고 어른들의  ,0,1
96,우티  카카오모빌리티 잡는다더니 격차만 커져, 일  빅데이터  분석 플랫폼업체 모바일인덱스에 따르면 지난달 기준 택시호출앱  카카오 와  우티 의 월이용자수 는 각각  만 명 안드로이드 와   합산 기준 과  만 명을 기록하며  이용자수  ,0,0
97,신간 다이제스트, 빅데이터 에 숨은 인간의 욕망 이 책의 저자는  빅데이터 를 제대로 활용하려면 인문학적 이해를 바탕으로 한 새로운 종류의 데이터인    가 필요하다고 말한다   두꺼운 데이터 라는 뜻을 지닌    는 사람들의  ,0,1
98,혁신의료기기  호   뇌경색 발병 시각 추정 호   입체시 개선 제품 지정,생체신호분석소프트웨어       입원환자의  전자의무기록  종  데이터를  뇌영상검출 진단보조 소프트웨어      빅데이터  및 인공지능  기술을 이용하여 뇌혈관  ,1,0
99,도전  잔반 제로  이번 주말  발명왕 박람회 어때 ,이 플랫폼은 잔반의 무게를 측정해 잔반을 줄인 만큼 이용객에게 포인트와 모바일 기프티콘을 제공하며  급식소나 식당 운영자에게는 메뉴와 잔반에 대한  빅데이터 를 제공해 음식물 쓰레기를 줄일 수 있도록 돕는다  ,0,0
